{
".menu":"https://github.com/SILENTLOVER40/SOBX-MD_DATABASE/raw/refs/heads/main/autovoice/PTT-20241110-WA0033.m4a",
".list":"https://github.com/SILENTLOVER40/SOBX-MD_DATABASE/raw/refs/heads/main/autovoice/PTT-20241110-WA0033.m4a",
".alive":"https://github.com/SILENTLOVER40/SOBX-MD_DATABASE/raw/refs/heads/main/autovoice/AUD-20241110-WA0009.m4a",
"hi":"https://github.com/SILENTLOVER40/SOBX-MD_DATABASE/raw/refs/heads/main/autovoice/AUD-20241110-WA0009.m4a",
"hello":"https://github.com/VajiraTech/IZUMI-AUTO-VOICER/raw/main/mk.mp3",
"molning":"https://github.com/sadiyamin/alexa-database/raw/refs/heads/main/Media/good_morning.mp3",
"good morning":"https://github.com/sadiyamin/alexa-database/raw/refs/heads/main/Media/good_morning.mp3",
"night":"https://github.com/sadiyamin/alexa-database/raw/refs/heads/main/Media/good_night.mp3",
"good night":"https://github.com/sadiyamin/alexa-database/raw/refs/heads/main/Media/good_night.mp3",
"hm":"https://github.com/tharumin/Alexa_Voice/raw/refs/heads/main/hm.mp3",
"hmm":"https://github.com/tharumin/Alexa_Voice/raw/refs/heads/main/hm.mp3",
"aww":"https://github.com/tharumin/Alexa_Voice/raw/refs/heads/main/hm.mp3",
"oye":"https://github.com/tharumin/Alexa_Voice/raw/refs/heads/main/oya_kawada.mp3",
"ustad":"https://github.com/tharumin/Alexa_Voice/raw/refs/heads/main/oya_kawada.mp3",
"haha":"https://github.com/tharumin/Alexa_Voice/raw/refs/heads/main/oya_kawada.mp3",
"hehe":"https://github.com/VajiraTech/IZUMI-AUTO-VOICER/raw/main/Ponnaya(tbg).mp3",
"oka":"https://github.com/VajiraTech/IZUMI-AUTO-VOICER/raw/main/kawa.mp3",
"wow":"https://github.com/VajiraTech/IZUMI-AUTO-VOICER/raw/main/kellek%20oni.mp3",
"geo":"https://github.com/VajiraTech/IZUMI-AUTO-VOICER/raw/main/wesi(tbg).mp3",
"I love you":"https://github.com/sadiyamin/alexa-database/raw/refs/heads/main/Media/i_love_you.mp3",
"love":"https://github.com/sadiyamin/alexa-database/raw/refs/heads/main/Media/i_love_you.mp3",
"love you":"https://github.com/sadiyamin/alexa-database/raw/refs/heads/main/Media/i_love_you.mp3",
"ohh":"https://github.com/sadiyamin/alexa-database/raw/refs/heads/main/Media/i_love_you.mp3",
"dear":"https://github.com/sadiyamin/alexa-database/raw/refs/heads/main/Media/pakaya.mp3",
"sir":"https://github.com/sadiyamin/alexa-database/raw/refs/heads/main/Media/pakaya.mp3",  
"sobx":"https://github.com/sadiyamin/alexa-database/raw/refs/heads/main/Media/pakaya.mp3",
"nice":"https://github.com/sadiyamin/alexa-database/raw/refs/heads/main/Media/pakaya.mp3",
"bye":"https://github.com/sadiyamin/alexa-database/raw/refs/heads/main/Media/pakaya.mp3",
"by":"https://github.com/sadiyamin/alexa-database/raw/refs/heads/main/Media/pakaya.mp3"
}
