{
"bye":"https://github.com/AhmadMods/AhmadMods-MD/raw/refs/heads/main/autosticker/STK-20241108-WA0028.webp",
"love":"https://github.com/AhmadMods/AhmadMods-MD/raw/refs/heads/main/autosticker/STK-20241110-WA0007.webp",
"usman":"https://github.com/AhmadMods/AhmadMods-MD/raw/refs/heads/main/autosticker/STK-20241110-WA0008.webp", 
"silent":"https://github.com/AhmadMods/AhmadMods-MD/raw/refs/heads/main/autosticker/STK-20241110-WA0004.webp",
"hi":"https://github.com/AhmadMods/AhmadMods-MD/raw/refs/heads/main/autosticker/STK-20241110-WA0002.webp"
}
